[{
    "id": "001",
    "img": "assets/images/user/user1.jpg",
    "fName": "Jenish",
    "email": "test@email.com",
    "gender": "male",
    "bDate": "1987-02-25T14:22:18Z",
    "address": "857 Coleman Street",
    "mobile": "1234567890",
    "country": "usa",
    "lName": "Shah",
    "injury": "Fever"
  },
  {
    "id": "002",
    "img": "assets/images/user/user2.jpg",
    "fName": "Pooja",
    "email": "test@email.com",
    "gender": "female",
    "bDate": "1987-02-17T14:22:18Z",
    "address": "950 Throop Avenue",
    "mobile": "1234567890",
    "country": "france",
    "lName": "Patel"
  },
  {
    "id": "003",
    "img": "assets/images/user/user3.jpg",
    "fName": "Pankaj",
    "email": "test@email.com",
    "gender": "male",
    "bDate": "1987-02-13T14:22:18Z",
    "address": "981 Village Road",
    "mobile": "1234567890",
    "country": "germany",
    "lName": "Shah"
  },
  {
    "id": "004",
    "img": "assets/images/user/user4.jpg",
    "fName": "Jenish",
    "email": "test@email.com",
    "gender": "female",
    "bDate": "1987-02-01T14:22:18Z",
    "address": "986 Gandhi Street",
    "mobile": "1234567890",
    "country": "spain",
    "lName": " Singh"
  },
  {
    "id": "005",
    "img": "assets/images/user/user5.jpg",
    "fName": " Aditi",
    "email": "test@email.com",
    "gender": "male",
    "bDate": "1987-02-02T14:22:18Z",
    "address": "857 Coleman Street",
    "mobile": "1234567890",
    "country": "turkey",
    "lName": "Shah"
  },
  {
    "id": "006",
    "img": "assets/images/user/user6.jpg",
    "fName": " Sanjay",
    "email": "test@email.com",
    "gender": "female",
    "bDate": "1987-02-26T14:22:18Z",
    "address": "857 Gandhi Street",
    "mobile": "1234567890",
    "country": "india",
    "lName": "Shah"
  },
  {
    "id": "007",
    "img": "assets/images/user/user7.jpg",
    "fName": " Sanjay",
    "email": "test@email.com",
    "gender": "male",
    "bDate": "1987-02-22T14:22:18Z",
    "address": "857 Coleman Street",
    "mobile": "1234567890",
    "country": "usa",
    "lName": "Shah"
  },
  {
    "id": "008",
    "img": "assets/images/user/user8.jpg",
    "fName": "Jenish",
    "email": "test@email.com",
    "gender": "female",
    "bDate": "1987-02-19T14:22:18Z",
    "address": "986 Gandhi Street",
    "mobile": "1234567890",
    "country": "spain",
    "lName": " Singh"
  },
  {
    "id": "009",
    "img": "assets/images/user/user9.jpg",
    "fName": "Jenish",
    "email": "test@email.com",
    "gender": "female",
    "bDate": "1987-02-15T14:22:18Z",
    "address": "986 Gandhi Street",
    "mobile": "1234567890",
    "country": "turkey",
    "lName": "Shah"
  },
  {
    "id": "010",
    "img": "assets/images/user/user10.jpg",
    "fName": " Sanjay",
    "email": "test@email.com",
    "gender": "male",
    "bDate": "1987-02-27T14:22:18Z",
    "address": "857 Coleman Street",
    "mobile": "1234567890",
    "country": "germany",
    "lName": "Shah"
  },
  {
    "id": "011",
    "img": "assets/images/user/user1.jpg",
    "fName": " Aditi",
    "email": "test@email.com",
    "gender": "male",
    "bDate": "1987-02-21T14:22:18Z",
    "address": "986 Coleman Street",
    "mobile": "1234567890",
    "country": "india",
    "lName": " Singh"
  },
  {
    "id": "012",
    "img": "assets/images/user/user1.jpg",
    "fName": " Sanjay",
    "email": "test@email.com",
    "gender": "male",
    "bDate": "1987-02-10T14:22:18Z",
    "address": "857 Gandhi Street",
    "mobile": "1234567890",
    "country": "usa",
    "lName": "Shah"
  },
  {
    "id": "013",
    "img": "assets/images/user/user2.jpg",
    "fName": "Pooja",
    "email": "test@email.com",
    "gender": "female",
    "bDate": "1987-02-11T14:22:18Z",
    "address": "950 Throop Avenue",
    "mobile": "1234567890",
    "country": "germany",
    "lName": "Patel"
  },
  {
    "id": "014",
    "img": "assets/images/user/user3.jpg",
    "fName": "Pankaj",
    "email": "test@email.com",
    "gender": "female",
    "bDate": "1987-02-16T14:22:18Z",
    "address": "981 Village Road",
    "mobile": "1234567890",
    "country": "spain",
    "lName": "Shah"
  },
  {
    "id": "015",
    "img": "assets/images/user/user4.jpg",
    "fName": " Aditi",
    "email": "test@email.com",
    "gender": "female",
    "bDate": "1987-02-04T14:22:18Z",
    "address": "986 Gandhi Street",
    "mobile": "1234567890",
    "country": "turkey",
    "lName": " Singh"
  },
  {
    "id": "016",
    "img": "assets/images/user/user5.jpg",
    "fName": " Sanjay",
    "email": "test@email.com",
    "gender": "male",
    "bDate": "1987-02-15T14:22:18Z",
    "address": "857 Gandhi Street",
    "mobile": "1234567890",
    "country": "turkey",
    "lName": "Shah"
  }
]
